  ,Crypto  ,Num Subidas (Real) ,Perc Subidas (Real) ,Num Quedas (Real) ,Num Subidas (Pred) ,Perc Subidas (Pred) ,Num Quedas (Pred) ,MAE                  ,Acc                ,Sen                ,Spe                ,Pre                ,Lower bound dos 10% maiores ,Precisao para maiores que 0.008
0 ,BTC-USD ,               477 , 54.02038505096263  ,              406 ,               473 ,  53.5673839184598  ,              410 ,0.029825351960761727 ,0.5749128919860628 ,0.589098532494759  ,0.5270935960591133 ,0.5940803382663847 ,        0.00836578645015158 ,             0.6380090497737556
1 ,LTC-USD ,               418 , 47.338618346545864 ,              465 ,               423 ,  47.90486976217441 ,              460 ,0.04162499918619761  ,0.565947242206235  ,0.5143540669856459 ,0.5526881720430108 ,0.508274231678487  ,        0.00835915308969556 ,             0.5113122171945701
