  ,Crypto  ,Num Subidas (Real) ,Perc Subidas (Real) ,Num Quedas (Real) ,Num Subidas (Pred) ,Perc Subidas (Pred) ,Num Quedas (Pred) ,MAE                  ,Acc                ,Sen                ,Spe                ,Pre                 ,Lower bound dos 10% maiores ,Precisao para maiores que 0.008
0 ,BTC-USD ,               165 , 55.0               ,              135 ,               155 , 51.666666666666664 ,              145 ,0.04513346036475375  ,0.552901023890785  ,0.5515151515151515 ,0.5259259259259259 ,0.5870967741935483  ,        0.0387055203318595  ,             0.5957446808510638
1 ,LTC-USD ,               139 , 46.333333333333336 ,              161 ,               133 , 44.333333333333336 ,              167 ,0.057802595934546445 ,0.4982698961937716 ,0.4172661870503597 ,0.5341614906832298 ,0.43609022556390975 ,        0.03866809606552124 ,             0.4782608695652174
