,Crypto,Num Subidas (Real),Perc Subidas (Real),Num Quedas (Real),Num Subidas (Pred),Perc Subidas (Pred),Num Quedas (Pred),MAE,Acc,Sen,Spe,Pre,Lower bound dos 10% maiores,Precisao para maiores que 0.008
0,BTC-USD,58,58.0,42,45,45.0,55,0.02573628460752218,0.7261904761904762,0.5517241379310345,0.6904761904761905,0.7111111111111111,0.03227992728352547,0.8181818181818182
1,LTC-USD,42,42.0,58,32,32.0,68,0.03881027058586731,0.6923076923076923,0.3333333333333333,0.6896551724137931,0.4375,0.0253119003027677,0.42857142857142855
