,Crypto,Num Subidas (Real),Perc Subidas (Real),Num Quedas (Real),Num Subidas (Pred),Perc Subidas (Pred),Num Quedas (Pred),MAE,Acc,Sen,Spe,Pre,Lower bound dos 10% maiores,Precisao para maiores que 0.008
0,BTC-USD,282,54.44015444015444,236,368,71.04247104247104,150,0.03379853131542443,0.410828025477707,0.6914893617021277,0.2669491525423729,0.529891304347826,0.0105135068297386,
1,LTC-USD,241,46.52509652509652,277,341,65.83011583011583,177,0.04569750457365129,0.4292845257903494,0.6680497925311203,0.35018050541516244,0.47214076246334313,0.013156839646399,0.5
