,Crypto,Num Subidas (Real),Perc Subidas (Real),Num Quedas (Real),Num Subidas (Pred),Perc Subidas (Pred),Num Quedas (Pred),MAE,Acc,Sen,Spe,Pre,Lower bound dos 10% maiores,Precisao para maiores que 0.008
0,BTC-USD,328,53.07443365695793,290,385,62.297734627831716,233,0.03270904055535046,0.4452449567723343,0.6158536585365854,0.3689655172413793,0.5246753246753246,0.0095890201628208,
1,LTC-USD,289,46.763754045307444,329,347,56.14886731391586,271,0.045440381742277616,0.4687975646879756,0.5640138408304498,0.44072948328267475,0.4697406340057637,0.0124639356508851,0.5
